loc_id,parent_id
NC,
Alamance,NC
Alexander,NC
Alleghany,NC
Anson,NC
Ashe,NC
Avery,NC
Beaufort,NC
Bertie,NC
Bladen,NC
Brunswick,NC
Buncombe,NC
Burke,NC
Cabarrus,NC
Caldwell,NC
Camden,NC
Carteret,NC
Caswell,NC
Catawba,NC
Chatham,NC
Cherokee,NC
Chowan,NC
Clay,NC
Cleveland,NC
Columbus,NC
Craven,NC
Cumberland,NC
Currituck,NC
Dare,NC
Davidson,NC
Davie,NC
Duplin,NC
Durham,NC
Edgecombe,NC
Forsyth,NC
Franklin,NC
Gaston,NC
Gates,NC
Graham,NC
Granville,NC
Greene,NC
Guilford,NC
Halifax,NC
Harnett,NC
Haywood,NC
Henderson,NC
Hertford,NC
Hoke,NC
Hyde,NC
Iredell,NC
Jackson,NC
Johnston,NC
Jones,NC
Lee,NC
Lenoir,NC
Lincoln,NC
Macon,NC
Madison,NC
Martin,NC
McDowell,NC
Mecklenburg,NC
Mitchell,NC
Montgomery,NC
Moore,NC
Nash,NC
New Hanover,NC
Northampton,NC
Onslow,NC
Orange,NC
Pamlico,NC
Pasquotank,NC
Pender,NC
Perquimans,NC
Person,NC
Pitt,NC
Polk,NC
Randolph,NC
Richmond,NC
Robeson,NC
Rockingham,NC
Rowan,NC
Rutherford,NC
Sampson,NC
Scotland,NC
Stanly,NC
Stokes,NC
Surry,NC
Swain,NC
Transylvania,NC
Tyrrell,NC
Union,NC
Vance,NC
Wake,NC
Warren,NC
Washington,NC
Watauga,NC
Wayne,NC
Wilkes,NC
Wilson,NC
Yadkin,NC
Yancey,NC
nc_101,Alamance
nc_102,Alamance
nc_103,Alamance
nc_105,Alamance
nc_106,Alamance
nc_107,Alamance
nc_109,Alamance
nc_110,Alamance
nc_111,Alamance
nc_113,Alamance
nc_114,Alamance
nc_115,Alamance
nc_116,Alamance
nc_117,Alamance
nc_119,Alamance
nc_120,Alamance
nc_121,Alamance
nc_122,Alamance
nc_123,Alamance
nc_124,Alamance
nc_125,Alamance
nc_126,Alamance
nc_127,Alamance
nc_129,Alamance
nc_130,Alamance
nc_131,Alamance
nc_132,Alamance
nc_133,Alamance
nc_134,Alamance
nc_138,Alexander
nc_139,Alexander
nc_140,Alexander
nc_141,Alexander
nc_142,Alexander
nc_143,Alexander
nc_144,Alexander
nc_145,Alexander
nc_148,Alleghany
nc_150,Alleghany
nc_151,Anson
nc_154,Anson
nc_155,Anson
nc_156,Anson
nc_157,Anson
nc_159,Ashe
nc_160,Ashe
nc_161,Avery
nc_163,Avery
nc_164,Avery
nc_166,Avery
nc_167,Avery
nc_168,Avery
nc_169,Beaufort
nc_170,Beaufort
nc_171,Beaufort
nc_172,Beaufort
nc_174,Beaufort
nc_175,Beaufort
nc_176,Beaufort
nc_177,Beaufort
nc_178,Beaufort
nc_180,Bertie
nc_183,Bertie
nc_188,Bladen
nc_189,Bladen
nc_192,Bladen
nc_193,Bladen
nc_194,Bladen
nc_195,Bladen
nc_196,Bladen
nc_200,Brunswick
nc_201,Brunswick
nc_202,Brunswick
nc_203,Brunswick
nc_204,Brunswick
nc_205,Brunswick
nc_208,Brunswick
nc_209,Brunswick
nc_210,Brunswick
nc_211,Brunswick
nc_212,Brunswick
nc_213,Brunswick
nc_214,Brunswick
nc_215,Brunswick
nc_216,Brunswick
nc_219,Buncombe
nc_220,Buncombe
nc_222,Buncombe
nc_223,Buncombe
nc_227,Buncombe
nc_229,Buncombe
nc_230,Buncombe
nc_232,Buncombe
nc_234,Buncombe
nc_235,Buncombe
nc_236,Buncombe
nc_238,Buncombe
nc_240,Buncombe
nc_241,Buncombe
nc_242,Buncombe
nc_243,Buncombe
nc_244,Buncombe
nc_247,Buncombe
nc_248,Buncombe
nc_249,Buncombe
nc_251,Buncombe
nc_252,Buncombe
nc_253,Buncombe
nc_254,Buncombe
nc_255,Buncombe
nc_256,Buncombe
nc_257,Buncombe
nc_258,Buncombe
nc_262,Buncombe
nc_263,Buncombe
nc_264,Buncombe
nc_265,Buncombe
nc_266,Buncombe
nc_267,Buncombe
nc_268,Buncombe
nc_269,Buncombe
nc_271,Buncombe
nc_272,Buncombe
nc_273,Buncombe
nc_274,Buncombe
nc_277,Burke
nc_278,Burke
nc_279,Burke
nc_280,Burke
nc_281,Burke
nc_282,Burke
nc_283,Burke
nc_284,Burke
nc_286,Burke
nc_287,Burke
nc_289,Burke
nc_291,Burke
nc_292,Burke
nc_296,Burke
nc_300,Burke
nc_301,Burke
nc_302,Cabarrus
nc_303,Cabarrus
nc_304,Cabarrus
nc_306,Cabarrus
nc_309,Cabarrus
nc_310,Cabarrus
nc_312,Cabarrus
nc_313,Cabarrus
nc_315,Cabarrus
nc_316,Cabarrus
nc_317,Cabarrus
nc_320,Cabarrus
nc_322,Cabarrus
nc_323,Cabarrus
nc_325,Cabarrus
nc_326,Cabarrus
nc_327,Cabarrus
nc_328,Cabarrus
nc_329,Cabarrus
nc_331,Cabarrus
nc_332,Cabarrus
nc_333,Cabarrus
nc_334,Cabarrus
nc_335,Cabarrus
nc_336,Cabarrus
nc_338,Cabarrus
nc_339,Cabarrus
nc_340,Cabarrus
nc_341,Cabarrus
nc_342,Cabarrus
nc_343,Caldwell
nc_344,Caldwell
nc_345,Caldwell
nc_346,Caldwell
nc_347,Caldwell
nc_348,Caldwell
nc_349,Caldwell
nc_352,Caldwell
nc_353,Caldwell
nc_354,Caldwell
nc_357,Caldwell
nc_358,Caldwell
nc_360,Caldwell
nc_361,Camden
nc_363,Carteret
nc_364,Carteret
nc_365,Carteret
nc_369,Carteret
nc_372,Carteret
nc_373,Carteret
nc_375,Carteret
nc_379,Carteret
nc_380,Carteret
nc_381,Carteret
nc_382,Carteret
nc_383,Caswell
nc_384,Caswell
nc_385,Caswell
nc_386,Caswell
nc_387,Catawba
nc_388,Catawba
nc_389,Catawba
nc_390,Catawba
nc_392,Catawba
nc_393,Catawba
nc_394,Catawba
nc_395,Catawba
nc_396,Catawba
nc_398,Catawba
nc_399,Catawba
nc_401,Catawba
nc_402,Catawba
nc_403,Catawba
nc_404,Catawba
nc_405,Catawba
nc_406,Catawba
nc_407,Catawba
nc_408,Catawba
nc_409,Catawba
nc_410,Catawba
nc_411,Catawba
nc_412,Catawba
nc_413,Catawba
nc_415,Catawba
nc_416,Catawba
nc_417,Catawba
nc_420,Catawba
nc_421,Catawba
nc_423,Catawba
nc_424,Chatham
nc_425,Chatham
nc_426,Chatham
nc_428,Chatham
nc_429,Chatham
nc_430,Chatham
nc_432,Chatham
nc_434,Chatham
nc_435,Chatham
nc_436,Chatham
nc_437,Chatham
nc_438,Chatham
nc_439,Chatham
nc_441,Chatham
nc_442,Chatham
nc_443,Chatham
nc_444,Cherokee
nc_448,Cherokee
nc_450,Cherokee
nc_451,Cherokee
nc_452,Cherokee
nc_456,Chowan
nc_459,Clay
nc_462,Cleveland
nc_463,Cleveland
nc_467,Cleveland
nc_469,Cleveland
nc_473,Cleveland
nc_474,Cleveland
nc_475,Cleveland
nc_477,Cleveland
nc_479,Cleveland
nc_480,Cleveland
nc_481,Cleveland
nc_483,Cleveland
nc_484,Cleveland
nc_485,Cleveland
nc_486,Columbus
nc_489,Columbus
nc_490,Columbus
nc_494,Columbus
nc_495,Columbus
nc_496,Columbus
nc_498,Columbus
nc_499,Columbus
nc_500,Craven
nc_501,Craven
nc_502,Craven
nc_503,Craven
nc_504,Craven
nc_505,Craven
nc_506,Craven
nc_507,Craven
nc_508,Craven
nc_509,Craven
nc_510,Craven
nc_511,Craven
nc_512,Craven
nc_513,Craven
nc_514,Craven
nc_517,Craven
nc_519,Craven
nc_523,Craven
nc_524,Craven
nc_525,Craven
nc_527,Cumberland
nc_528,Cumberland
nc_529,Cumberland
nc_530,Cumberland
nc_532,Cumberland
nc_533,Cumberland
nc_535,Cumberland
nc_536,Cumberland
nc_538,Cumberland
nc_540,Cumberland
nc_541,Cumberland
nc_542,Cumberland
nc_543,Cumberland
nc_546,Cumberland
nc_547,Cumberland
nc_548,Cumberland
nc_549,Cumberland
nc_550,Cumberland
nc_551,Cumberland
nc_552,Cumberland
nc_553,Cumberland
nc_555,Cumberland
nc_556,Cumberland
nc_557,Cumberland
nc_558,Cumberland
nc_559,Cumberland
nc_561,Cumberland
nc_562,Cumberland
nc_563,Cumberland
nc_567,Cumberland
nc_572,Cumberland
nc_573,Cumberland
nc_574,Cumberland
nc_576,Cumberland
nc_577,Cumberland
nc_579,Cumberland
nc_580,Cumberland
nc_581,Cumberland
nc_582,Cumberland
nc_583,Cumberland
nc_584,Cumberland
nc_585,Cumberland
nc_587,Cumberland
nc_590,Cumberland
nc_592,Cumberland
nc_594,Cumberland
nc_596,Cumberland
nc_597,Cumberland
nc_598,Cumberland
nc_599,Cumberland
nc_600,Cumberland
nc_603,Cumberland
nc_604,Cumberland
nc_605,Cumberland
nc_607,Cumberland
nc_609,Cumberland
nc_610,Cumberland
nc_611,Cumberland
nc_612,Cumberland
nc_613,Cumberland
nc_614,Cumberland
nc_615,Cumberland
nc_617,Currituck
nc_618,Currituck
nc_620,Currituck
nc_621,Currituck
nc_622,Currituck
nc_623,Currituck
nc_626,Dare
nc_627,Dare
nc_629,Dare
nc_630,Dare
nc_631,Dare
nc_633,Davidson
nc_635,Davidson
nc_636,Davidson
nc_637,Davidson
nc_638,Davidson
nc_639,Davidson
nc_640,Davidson
nc_641,Davidson
nc_642,Davidson
nc_643,Davidson
nc_645,Davidson
nc_646,Davidson
nc_648,Davidson
nc_650,Davidson
nc_651,Davidson
nc_652,Davidson
nc_653,Davidson
nc_656,Davidson
nc_657,Davidson
nc_658,Davidson
nc_661,Davidson
nc_662,Davidson
nc_663,Davidson
nc_665,Davidson
nc_666,Davidson
nc_667,Davie
nc_668,Davie
nc_669,Davie
nc_670,Davie
nc_671,Davie
nc_673,Davie
nc_674,Duplin
nc_675,Duplin
nc_676,Duplin
nc_677,Duplin
nc_678,Duplin
nc_680,Duplin
nc_682,Duplin
nc_683,Duplin
nc_685,Durham
nc_686,Durham
nc_687,Durham
nc_688,Durham
nc_689,Durham
nc_690,Durham
nc_691,Durham
nc_692,Durham
nc_693,Durham
nc_696,Durham
nc_697,Durham
nc_698,Durham
nc_699,Durham
nc_700,Durham
nc_701,Durham
nc_703,Durham
nc_704,Durham
nc_706,Durham
nc_710,Durham
nc_711,Durham
nc_713,Durham
nc_714,Durham
nc_715,Durham
nc_718,Durham
nc_719,Durham
nc_721,Durham
nc_723,Durham
nc_725,Durham
nc_727,Durham
nc_731,Durham
nc_732,Durham
nc_733,Durham
nc_735,Durham
nc_736,Durham
nc_737,Durham
nc_739,Durham
nc_741,Durham
nc_742,Durham
nc_745,Durham
nc_746,Durham
nc_747,Durham
nc_749,Durham
nc_750,Durham
nc_752,Durham
nc_754,Durham
nc_755,Durham
nc_758,Durham
nc_761,Durham
nc_762,Durham
nc_764,Durham
nc_765,Durham
nc_766,Durham
nc_767,Edgecombe
nc_768,Edgecombe
nc_769,Edgecombe
nc_770,Edgecombe
nc_771,Edgecombe
nc_772,Edgecombe
nc_773,Edgecombe
nc_774,Edgecombe
nc_775,Forsyth
nc_776,Forsyth
nc_778,Forsyth
nc_779,Forsyth
nc_780,Forsyth
nc_782,Forsyth
nc_783,Forsyth
nc_784,Forsyth
nc_787,Forsyth
nc_789,Forsyth
nc_790,Forsyth
nc_791,Forsyth
nc_793,Forsyth
nc_794,Forsyth
nc_795,Forsyth
nc_796,Forsyth
nc_797,Forsyth
nc_798,Forsyth
nc_799,Forsyth
nc_800,Forsyth
nc_801,Forsyth
nc_804,Forsyth
nc_805,Forsyth
nc_806,Forsyth
nc_807,Forsyth
nc_809,Forsyth
nc_810,Forsyth
nc_811,Forsyth
nc_813,Forsyth
nc_815,Forsyth
nc_816,Forsyth
nc_817,Forsyth
nc_818,Forsyth
nc_819,Forsyth
nc_820,Forsyth
nc_821,Forsyth
nc_822,Forsyth
nc_823,Forsyth
nc_825,Forsyth
nc_826,Forsyth
nc_827,Forsyth
nc_829,Forsyth
nc_831,Forsyth
nc_832,Forsyth
nc_833,Forsyth
nc_834,Forsyth
nc_835,Forsyth
nc_837,Forsyth
nc_838,Forsyth
nc_839,Forsyth
nc_840,Forsyth
nc_841,Forsyth
nc_843,Forsyth
nc_844,Forsyth
nc_845,Forsyth
nc_846,Forsyth
nc_848,Forsyth
nc_849,Forsyth
nc_850,Forsyth
nc_851,Forsyth
nc_852,Forsyth
nc_854,Franklin
nc_858,Franklin
nc_859,Franklin
nc_860,Franklin
nc_861,Franklin
nc_862,Franklin
nc_863,Franklin
nc_867,Franklin
nc_869,Gaston
nc_870,Gaston
nc_871,Gaston
nc_872,Gaston
nc_873,Gaston
nc_874,Gaston
nc_876,Gaston
nc_877,Gaston
nc_878,Gaston
nc_879,Gaston
nc_880,Gaston
nc_882,Gaston
nc_883,Gaston
nc_885,Gaston
nc_887,Gaston
nc_889,Gaston
nc_890,Gaston
nc_891,Gaston
nc_893,Gaston
nc_894,Gaston
nc_895,Gaston
nc_896,Gaston
nc_897,Gaston
nc_898,Gaston
nc_899,Gaston
nc_900,Gaston
nc_901,Gaston
nc_903,Gaston
nc_905,Gaston
nc_906,Gaston
nc_907,Gaston
nc_910,Gaston
nc_912,Gaston
nc_913,Gates
nc_914,Gates
nc_915,Gates
nc_916,Graham
nc_918,Granville
nc_919,Granville
nc_922,Granville
nc_925,Granville
nc_926,Granville
nc_928,Granville
nc_929,Granville
nc_930,Granville
nc_931,Granville
nc_935,Greene
nc_936,Guilford
nc_937,Guilford
nc_938,Guilford
nc_942,Guilford
nc_943,Guilford
nc_944,Guilford
nc_945,Guilford
nc_947,Guilford
nc_948,Guilford
nc_949,Guilford
nc_951,Guilford
nc_952,Guilford
nc_954,Guilford
nc_955,Guilford
nc_956,Guilford
nc_957,Guilford
nc_958,Guilford
nc_960,Guilford
nc_961,Guilford
nc_962,Guilford
nc_963,Guilford
nc_964,Guilford
nc_965,Guilford
nc_966,Guilford
nc_968,Guilford
nc_970,Guilford
nc_971,Guilford
nc_974,Guilford
nc_975,Guilford
nc_977,Guilford
nc_978,Guilford
nc_979,Guilford
nc_980,Guilford
nc_986,Guilford
nc_989,Guilford
nc_991,Guilford
nc_993,Guilford
nc_994,Guilford
nc_995,Guilford
nc_996,Guilford
nc_999,Guilford
nc_1000,Guilford
nc_1003,Guilford
nc_1004,Guilford
nc_1006,Guilford
nc_1007,Guilford
nc_1008,Guilford
nc_1009,Guilford
nc_1012,Guilford
nc_1013,Guilford
nc_1014,Guilford
nc_1015,Guilford
nc_1016,Guilford
nc_1017,Guilford
nc_1018,Guilford
nc_1019,Guilford
nc_1021,Guilford
nc_1023,Guilford
nc_1025,Guilford
nc_1026,Guilford
nc_1029,Guilford
nc_1030,Guilford
nc_1031,Guilford
nc_1032,Guilford
nc_1033,Guilford
nc_1035,Guilford
nc_1036,Guilford
nc_1038,Guilford
nc_1039,Guilford
nc_1040,Guilford
nc_1041,Guilford
nc_1042,Guilford
nc_1043,Guilford
nc_1044,Guilford
nc_1048,Guilford
nc_1049,Guilford
nc_1050,Guilford
nc_1051,Guilford
nc_1052,Guilford
nc_1053,Guilford
nc_1054,Guilford
nc_1055,Guilford
nc_1056,Guilford
nc_1058,Halifax
nc_1059,Halifax
nc_1060,Halifax
nc_1062,Halifax
nc_1064,Halifax
nc_1065,Halifax
nc_1066,Halifax
nc_1068,Halifax
nc_1070,Halifax
nc_1071,Halifax
nc_1072,Halifax
nc_1073,Halifax
nc_1074,Harnett
nc_1075,Harnett
nc_1077,Harnett
nc_1078,Harnett
nc_1079,Harnett
nc_1081,Harnett
nc_1082,Harnett
nc_1083,Harnett
nc_1085,Harnett
nc_1086,Harnett
nc_1087,Harnett
nc_1091,Harnett
nc_1093,Harnett
nc_1094,Harnett
nc_1096,Harnett
nc_1097,Harnett
nc_1099,Harnett
nc_1100,Haywood
nc_1101,Haywood
nc_1103,Haywood
nc_1104,Haywood
nc_1105,Haywood
nc_1106,Haywood
nc_1107,Haywood
nc_1108,Haywood
nc_1109,Haywood
nc_1111,Haywood
nc_1114,Henderson
nc_1115,Henderson
nc_1116,Henderson
nc_1117,Henderson
nc_1118,Henderson
nc_1119,Henderson
nc_1120,Henderson
nc_1122,Henderson
nc_1123,Henderson
nc_1124,Henderson
nc_1125,Henderson
nc_1127,Henderson
nc_1130,Henderson
nc_1136,Henderson
nc_1137,Henderson
nc_1138,Henderson
nc_1140,Henderson
nc_1143,Hertford
nc_1144,Hertford
nc_1147,Hertford
nc_1151,Hoke
nc_1152,Hoke
nc_1153,Hoke
nc_1155,Hoke
nc_1156,Hoke
nc_1157,Hoke
nc_1158,Hoke
nc_1159,Hoke
nc_1160,Hyde
nc_1161,Hyde
nc_1162,Iredell
nc_1165,Iredell
nc_1166,Iredell
nc_1167,Iredell
nc_1168,Iredell
nc_1169,Iredell
nc_1170,Iredell
nc_1174,Iredell
nc_1176,Iredell
nc_1180,Iredell
nc_1181,Iredell
nc_1182,Iredell
nc_1183,Iredell
nc_1184,Iredell
nc_1186,Iredell
nc_1189,Iredell
nc_1190,Iredell
nc_1193,Iredell
nc_1194,Iredell
nc_1195,Iredell
nc_1196,Iredell
nc_1197,Iredell
nc_1198,Iredell
nc_1199,Iredell
nc_1200,Iredell
nc_1202,Iredell
nc_1203,Iredell
nc_1204,Iredell
nc_1205,Iredell
nc_1206,Iredell
nc_1207,Jackson
nc_1208,Jackson
nc_1209,Jackson
nc_1212,Jackson
nc_1213,Jackson
nc_1214,Jackson
nc_1217,Johnston
nc_1218,Johnston
nc_1219,Johnston
nc_1220,Johnston
nc_1221,Johnston
nc_1222,Johnston
nc_1223,Johnston
nc_1224,Johnston
nc_1226,Johnston
nc_1228,Johnston
nc_1229,Johnston
nc_1230,Johnston
nc_1231,Johnston
nc_1234,Johnston
nc_1235,Johnston
nc_1236,Johnston
nc_1237,Johnston
nc_1238,Johnston
nc_1239,Johnston
nc_1240,Johnston
nc_1241,Johnston
nc_1242,Johnston
nc_1243,Johnston
nc_1248,Johnston
nc_1249,Johnston
nc_1250,Johnston
nc_1251,Johnston
nc_1252,Jones
nc_1253,Jones
nc_1254,Jones
nc_1255,Jones
nc_1256,Lee
nc_1257,Lee
nc_1260,Lee
nc_1262,Lee
nc_1263,Lee
nc_1264,Lee
nc_1265,Lee
nc_1266,Lee
nc_1267,Lee
nc_1268,Lee
nc_1269,Lee
nc_1271,Lenoir
nc_1272,Lenoir
nc_1273,Lenoir
nc_1275,Lenoir
nc_1277,Lenoir
nc_1278,Lenoir
nc_1281,Lenoir
nc_1282,Lenoir
nc_1283,Lenoir
nc_1284,Lenoir
nc_1285,Lenoir
nc_1286,Lenoir
nc_1287,Lincoln
nc_1288,Lincoln
nc_1289,Lincoln
nc_1290,Lincoln
nc_1291,Lincoln
nc_1292,Lincoln
nc_1294,Lincoln
nc_1296,Lincoln
nc_1297,Lincoln
nc_1298,Lincoln
nc_1300,Lincoln
nc_1301,Lincoln
nc_1302,Lincoln
nc_1303,Lincoln
nc_1304,Lincoln
nc_1305,Lincoln
nc_1306,Macon
nc_1307,Macon
nc_1308,Macon
nc_1309,Macon
nc_1311,Macon
nc_1313,Madison
nc_1314,Madison
nc_1316,Madison
nc_1317,Madison
nc_1318,Martin
nc_1320,Martin
nc_1321,Martin
nc_1322,Martin
nc_1323,McDowell
nc_1324,McDowell
nc_1326,McDowell
nc_1329,McDowell
nc_1330,McDowell
nc_1331,McDowell
nc_1333,McDowell
nc_1334,McDowell
nc_1337,Mecklenburg
nc_1338,Mecklenburg
nc_1339,Mecklenburg
nc_1340,Mecklenburg
nc_1342,Mecklenburg
nc_1343,Mecklenburg
nc_1344,Mecklenburg
nc_1346,Mecklenburg
nc_1347,Mecklenburg
nc_1351,Mecklenburg
nc_1352,Mecklenburg
nc_1353,Mecklenburg
nc_1355,Mecklenburg
nc_1357,Mecklenburg
nc_1358,Mecklenburg
nc_1360,Mecklenburg
nc_1361,Mecklenburg
nc_1364,Mecklenburg
nc_1366,Mecklenburg
nc_1368,Mecklenburg
nc_1369,Mecklenburg
nc_1371,Mecklenburg
nc_1372,Mecklenburg
nc_1373,Mecklenburg
nc_1374,Mecklenburg
nc_1375,Mecklenburg
nc_1381,Mecklenburg
nc_1383,Mecklenburg
nc_1384,Mecklenburg
nc_1385,Mecklenburg
nc_1387,Mecklenburg
nc_1391,Mecklenburg
nc_1393,Mecklenburg
nc_1394,Mecklenburg
nc_1397,Mecklenburg
nc_1398,Mecklenburg
nc_1399,Mecklenburg
nc_1403,Mecklenburg
nc_1404,Mecklenburg
nc_1407,Mecklenburg
nc_1408,Mecklenburg
nc_1411,Mecklenburg
nc_1418,Mecklenburg
nc_1419,Mecklenburg
nc_1425,Mecklenburg
nc_1426,Mecklenburg
nc_1427,Mecklenburg
nc_1429,Mecklenburg
nc_1430,Mecklenburg
nc_1432,Mecklenburg
nc_1433,Mecklenburg
nc_1437,Mecklenburg
nc_1440,Mecklenburg
nc_1441,Mecklenburg
nc_1442,Mecklenburg
nc_1449,Mecklenburg
nc_1450,Mecklenburg
nc_1451,Mecklenburg
nc_1452,Mecklenburg
nc_1453,Mecklenburg
nc_1455,Mecklenburg
nc_1458,Mecklenburg
nc_1460,Mecklenburg
nc_1461,Mecklenburg
nc_1462,Mecklenburg
nc_1463,Mecklenburg
nc_1464,Mecklenburg
nc_1465,Mecklenburg
nc_1466,Mecklenburg
nc_1471,Mecklenburg
nc_1473,Mecklenburg
nc_1475,Mecklenburg
nc_1476,Mecklenburg
nc_1481,Mecklenburg
nc_1485,Caldwell
nc_1486,Mecklenburg
nc_1487,Mecklenburg
nc_1490,Mecklenburg
nc_1491,Mecklenburg
nc_1492,Mecklenburg
nc_1494,Mecklenburg
nc_1496,Mecklenburg
nc_1497,Mecklenburg
nc_1498,Mecklenburg
nc_1499,Mecklenburg
nc_1500,Mecklenburg
nc_1502,Mecklenburg
nc_1504,Mecklenburg
nc_1507,Mecklenburg
nc_1508,Mecklenburg
nc_1510,Mecklenburg
nc_1511,Mecklenburg
nc_1512,Mecklenburg
nc_1513,Mecklenburg
nc_1517,Mecklenburg
nc_1518,Mecklenburg
nc_1519,Mecklenburg
nc_1520,Mecklenburg
nc_1524,Mecklenburg
nc_1525,Mecklenburg
nc_1527,Mecklenburg
nc_1529,Mecklenburg
nc_1530,Mecklenburg
nc_1534,Mecklenburg
nc_1535,Mecklenburg
nc_1536,Mecklenburg
nc_1537,Mecklenburg
nc_1538,Mecklenburg
nc_1539,Mecklenburg
nc_1540,Mecklenburg
nc_1542,Mecklenburg
nc_1543,Mecklenburg
nc_1549,Mecklenburg
nc_1555,Mecklenburg
nc_1557,Mecklenburg
nc_1559,Mecklenburg
nc_1560,Mecklenburg
nc_1562,Mecklenburg
nc_1563,Mecklenburg
nc_1564,Mecklenburg
nc_1565,Mecklenburg
nc_1568,Mecklenburg
nc_1569,Mecklenburg
nc_1570,Mecklenburg
nc_1571,Mecklenburg
nc_1572,Mecklenburg
nc_1573,Mecklenburg
nc_1574,Mecklenburg
nc_1576,Mitchell
nc_1577,Mitchell
nc_1585,Montgomery
nc_1586,Montgomery
nc_1588,Montgomery
nc_1590,Moore
nc_1592,Moore
nc_1593,Moore
nc_1594,Moore
nc_1596,Moore
nc_1597,Moore
nc_1598,Moore
nc_1599,Chatham
nc_1601,Moore
nc_1602,Moore
nc_1603,Moore
nc_1604,Moore
nc_1605,Moore
nc_1607,Moore
nc_1608,Moore
nc_1613,Moore
nc_1614,Moore
nc_1615,Moore
nc_1616,Moore
nc_1617,Moore
nc_1618,Moore
nc_1619,Nash
nc_1621,Nash
nc_1623,Nash
nc_1628,Nash
nc_1631,Nash
nc_1632,Nash
nc_1633,Nash
nc_1634,Nash
nc_1635,Nash
nc_1637,Nash
nc_1638,Nash
nc_1639,Nash
nc_1641,Nash
nc_1644,Nash
nc_1645,New Hanover
nc_1647,New Hanover
nc_1649,New Hanover
nc_1650,New Hanover
nc_1653,New Hanover
nc_1656,New Hanover
nc_1657,New Hanover
nc_1658,New Hanover
nc_1660,New Hanover
nc_1661,New Hanover
nc_1663,New Hanover
nc_1666,New Hanover
nc_1667,New Hanover
nc_1670,New Hanover
nc_1671,New Hanover
nc_1673,New Hanover
nc_1674,New Hanover
nc_1675,New Hanover
nc_1676,New Hanover
nc_1677,New Hanover
nc_1680,New Hanover
nc_1681,New Hanover
nc_1682,New Hanover
nc_1683,New Hanover
nc_1684,New Hanover
nc_1686,New Hanover
nc_1688,New Hanover
nc_1689,New Hanover
nc_1690,New Hanover
nc_1693,New Hanover
nc_1694,New Hanover
nc_1695,New Hanover
nc_1696,New Hanover
nc_1697,New Hanover
nc_1698,New Hanover
nc_1699,Northampton
nc_1700,Northampton
nc_1701,Northampton
nc_1702,Northampton
nc_1705,Onslow
nc_1706,Onslow
nc_1708,Onslow
nc_1710,Onslow
nc_1712,Onslow
nc_1715,Onslow
nc_1716,Onslow
nc_1717,Onslow
nc_1718,Onslow
nc_1719,Onslow
nc_1720,Onslow
nc_1721,Onslow
nc_1722,Onslow
nc_1723,Onslow
nc_1725,Onslow
nc_1726,Onslow
nc_1728,Onslow
nc_1729,Onslow
nc_1731,Onslow
nc_1732,Onslow
nc_1733,Onslow
nc_1736,Onslow
nc_1737,Onslow
nc_1738,Onslow
nc_1739,Onslow
nc_1740,Onslow
nc_1741,Onslow
nc_1742,Onslow
nc_1744,Orange
nc_1745,Orange
nc_1746,Orange
nc_1747,Orange
nc_1748,Orange
nc_1749,Orange
nc_1750,Orange
nc_1751,Orange
nc_1753,Orange
nc_1754,Orange
nc_1755,Orange
nc_1757,Orange
nc_1764,Orange
nc_1765,Orange
nc_1770,Orange
nc_1771,Orange
nc_1773,Orange
nc_1774,Orange
nc_1775,Orange
nc_1777,Pamlico
nc_1779,Pamlico
nc_1780,Pamlico
nc_1781,Pasquotank
nc_1782,Pasquotank
nc_1785,Pasquotank
nc_1786,Pasquotank
nc_1787,Pasquotank
nc_1788,Pasquotank
nc_1790,Pasquotank
nc_1791,Pasquotank
nc_1792,Pasquotank
nc_1793,Pender
nc_1794,Pender
nc_1795,Pender
nc_1796,Pender
nc_1798,Pender
nc_1799,Pender
nc_1800,Pender
nc_1801,Pender
nc_1802,Pender
nc_1803,Pender
nc_1805,Perquimans
nc_1806,Person
nc_1808,Person
nc_1810,Person
nc_1811,Person
nc_1813,Person
nc_1814,Person
nc_1815,Person
nc_1816,Person
nc_1817,Pitt
nc_1818,Pitt
nc_1819,Pitt
nc_1822,Pitt
nc_1824,Pitt
nc_1825,Pitt
nc_1826,Pitt
nc_1827,Pitt
nc_1828,Pitt
nc_1831,Pitt
nc_1832,Pitt
nc_1833,Pitt
nc_1834,Pitt
nc_1835,Pitt
nc_1836,Pitt
nc_1837,Pitt
nc_1838,Pitt
nc_1839,Pitt
nc_1840,Pitt
nc_1841,Pitt
nc_1843,Pitt
nc_1845,Pitt
nc_1847,Pitt
nc_1848,Pitt
nc_1849,Pitt
nc_1850,Pitt
nc_1851,Pitt
nc_1852,Pitt
nc_1853,Pitt
nc_1854,Pitt
nc_1855,Pitt
nc_1857,Polk
nc_1860,Polk
nc_1862,Randolph
nc_1864,Montgomery
nc_1866,Randolph
nc_1867,Randolph
nc_1868,Randolph
nc_1869,Randolph
nc_1870,Randolph
nc_1871,Randolph
nc_1872,Randolph
nc_1873,Randolph
nc_1875,Randolph
nc_1876,Randolph
nc_1878,Randolph
nc_1879,Randolph
nc_1881,Randolph
nc_1882,Randolph
nc_1883,Randolph
nc_1884,Randolph
nc_1886,Randolph
nc_1887,Randolph
nc_1888,Randolph
nc_1889,Randolph
nc_1890,Randolph
nc_1891,Randolph
nc_1893,Randolph
nc_1894,Randolph
nc_1897,Richmond
nc_1898,Richmond
nc_1900,Richmond
nc_1901,Richmond
nc_1902,Richmond
nc_1907,Richmond
nc_1912,Robeson
nc_1913,Robeson
nc_1914,Robeson
nc_1917,Robeson
nc_1922,Robeson
nc_1923,Robeson
nc_1925,Robeson
nc_1926,Robeson
nc_1927,Robeson
nc_1928,Robeson
nc_1930,Robeson
nc_1931,Robeson
nc_1932,Robeson
nc_1933,Robeson
nc_1934,Robeson
nc_1935,Robeson
nc_1936,Robeson
nc_1938,Robeson
nc_1939,Robeson
nc_1940,Robeson
nc_1944,Rockingham
nc_1945,Rockingham
nc_1946,Rockingham
nc_1947,Rockingham
nc_1949,Rockingham
nc_1950,Rockingham
nc_1953,Rockingham
nc_1955,Rockingham
nc_1957,Rockingham
nc_1958,Rockingham
nc_1959,Rockingham
nc_1963,Rockingham
nc_1964,Rockingham
nc_1968,Rockingham
nc_1969,Rockingham
nc_1971,Rowan
nc_1972,Rowan
nc_1973,Rowan
nc_1975,Rowan
nc_1976,Rowan
nc_1981,Rowan
nc_1985,Rowan
nc_1986,Rowan
nc_1987,Rowan
nc_1988,Rowan
nc_1989,Rowan
nc_1990,Rowan
nc_1991,Rowan
nc_1992,Rowan
nc_1995,Rowan
nc_1996,Rowan
nc_1997,Rowan
nc_1998,Rowan
nc_1999,Rowan
nc_2000,Rowan
nc_2001,Rowan
nc_2003,Rowan
nc_2004,Rowan
nc_2007,Rutherford
nc_2008,Rutherford
nc_2009,Rutherford
nc_2010,Rutherford
nc_2011,Rutherford
nc_2014,Rutherford
nc_2017,Rutherford
nc_2018,Rutherford
nc_2019,Rutherford
nc_2020,Rutherford
nc_2021,Rutherford
nc_2023,Rutherford
nc_2024,Rutherford
nc_2028,Sampson
nc_2030,Sampson
nc_2031,Sampson
nc_2032,Sampson
nc_2033,Sampson
nc_2034,Sampson
nc_2038,Sampson
nc_2039,Sampson
nc_2040,Sampson
nc_2043,Sampson
nc_2044,Scotland
nc_2046,Scotland
nc_2048,Scotland
nc_2049,Scotland
nc_2052,Scotland
nc_2053,Scotland
nc_2054,Stanly
nc_2055,Stanly
nc_2056,Stanly
nc_2057,Stanly
nc_2058,Stanly
nc_2059,Stanly
nc_2060,Stanly
nc_2061,Stanly
nc_2062,Stanly
nc_2063,Stanly
nc_2064,Stanly
nc_2065,Stanly
nc_2067,Stanly
nc_2068,Stanly
nc_2070,Stanly
nc_2073,Stokes
nc_2074,Stokes
nc_2075,Stokes
nc_2078,Stokes
nc_2079,Stokes
nc_2080,Stokes
nc_2082,Stokes
nc_2083,Stokes
nc_2084,Stokes
nc_2085,Stokes
nc_2086,Surry
nc_2087,Surry
nc_2088,Surry
nc_2089,Surry
nc_2090,Surry
nc_2091,Surry
nc_2092,Surry
nc_2094,Surry
nc_2095,Surry
nc_2096,Surry
nc_2097,Surry
nc_2098,Surry
nc_2099,Surry
nc_2101,Surry
nc_2103,Surry
nc_2108,Swain
nc_2112,Swain
nc_2114,Transylvania
nc_2117,Transylvania
nc_2118,Transylvania
nc_2119,Transylvania
nc_2120,Transylvania
nc_2121,Transylvania
nc_2122,Tyrrell
nc_2125,Union
nc_2126,Union
nc_2127,Union
nc_2131,Union
nc_2132,Union
nc_2133,Union
nc_2134,Union
nc_2135,Union
nc_2136,Union
nc_2137,Union
nc_2138,Union
nc_2140,Union
nc_2141,Union
nc_2142,Union
nc_2143,Union
nc_2144,Union
nc_2147,Union
nc_2148,Union
nc_2149,Union
nc_2150,Union
nc_2151,Union
nc_2152,Union
nc_2153,Union
nc_2154,Union
nc_2156,Union
nc_2157,Union
nc_2158,Union
nc_2159,Union
nc_2160,Union
nc_2162,Union
nc_2163,Union
nc_2164,Union
nc_2168,Union
nc_2169,Union
nc_2170,Union
nc_2171,Union
nc_2172,Union
nc_2173,Union
nc_2174,Union
nc_2175,Union
nc_2176,Vance
nc_2178,Vance
nc_2180,Vance
nc_2181,Vance
nc_2182,Vance
nc_2183,Vance
nc_2184,Vance
nc_2185,Vance
nc_2186,Vance
nc_2187,Vance
nc_2188,Vance
nc_2189,Vance
nc_2193,Vance
nc_2195,Wake
nc_2196,Wake
nc_2198,Wake
nc_2200,Wake
nc_2201,Wake
nc_2205,Wake
nc_2208,Wake
nc_2209,Wake
nc_2211,Wake
nc_2212,Wake
nc_2213,Wake
nc_2214,Wake
nc_2218,Wake
nc_2220,Wake
nc_2221,Wake
nc_2222,Wake
nc_2223,Wake
nc_2224,Wake
nc_2225,Wake
nc_2226,Wake
nc_2227,Wake
nc_2228,Wake
nc_2229,Wake
nc_2230,Wake
nc_2231,Wake
nc_2233,Wake
nc_2234,Wake
nc_2235,Wake
nc_2239,Wake
nc_2241,Wake
nc_2242,Wake
nc_2243,Wake
nc_2244,Wake
nc_2247,Wake
nc_2248,Wake
nc_2249,Wake
nc_2250,Wake
nc_2251,Wake
nc_2252,Wake
nc_2255,Wake
nc_2257,Wake
nc_2258,Wake
nc_2259,Wake
nc_2260,Wake
nc_2261,Wake
nc_2262,Wake
nc_2263,Wake
nc_2264,Wake
nc_2265,Wake
nc_2268,Wake
nc_2269,Wake
nc_2271,Wake
nc_2273,Wake
nc_2274,Wake
nc_2276,Wake
nc_2278,Wake
nc_2282,Wake
nc_2283,Wake
nc_2284,Wake
nc_2286,Wake
nc_2287,Wake
nc_2288,Wake
nc_2289,Wake
nc_2290,Wake
nc_2292,Wake
nc_2293,Wake
nc_2296,Wake
nc_2298,Wake
nc_2301,Wake
nc_2302,Wake
nc_2303,Wake
nc_2304,Wake
nc_2307,Wake
nc_2308,Wake
nc_2309,Wake
nc_2312,Wake
nc_2315,Wake
nc_2316,Wake
nc_2317,Wake
nc_2318,Wake
nc_2319,Wake
nc_2320,Wake
nc_2321,Wake
nc_2322,Wake
nc_2323,Wake
nc_2324,Wake
nc_2325,Wake
nc_2326,Wake
nc_2327,Wake
nc_2328,Wake
nc_2329,Wake
nc_2331,Wake
nc_2333,Wake
nc_2334,Wake
nc_2336,Wake
nc_2337,Wake
nc_2338,Wake
nc_2339,Wake
nc_2340,Wake
nc_2341,Wake
nc_2342,Wake
nc_2343,Wake
nc_2346,Wake
nc_2347,Wake
nc_2348,Wake
nc_2349,Wake
nc_2350,Wake
nc_2351,Wake
nc_2352,Wake
nc_2353,Wake
nc_2357,Wake
nc_2360,Wake
nc_2361,Wake
nc_2362,Wake
nc_2363,Wake
nc_2364,Wake
nc_2367,Wake
nc_2369,Wake
nc_2370,Wake
nc_2372,Wake
nc_2373,Wake
nc_2374,Wake
nc_2377,Wake
nc_2380,Wake
nc_2381,Wake
nc_2384,Wake
nc_2385,Wake
nc_2388,Wake
nc_2389,Wake
nc_2392,Wake
nc_2395,Wake
nc_2400,Wake
nc_2402,Wake
nc_2406,Wake
nc_2409,Wake
nc_2410,Wake
nc_2414,Wake
nc_2415,Wake
nc_2416,Wake
nc_2418,Wake
nc_2420,Wake
nc_2421,Wake
nc_2422,Wake
nc_2423,Wake
nc_2425,Wake
nc_2427,Wake
nc_2428,Wake
nc_2429,Wake
nc_2432,Wake
nc_2433,Wake
nc_2435,Warren
nc_2437,Warren
nc_2442,Washington
nc_2443,Watauga
nc_2444,Watauga
nc_2445,Watauga
nc_2446,Watauga
nc_2448,Watauga
nc_2449,Watauga
nc_2450,Watauga
nc_2452,Watauga
nc_2453,Watauga
nc_2454,Watauga
nc_2455,Wayne
nc_2456,Wayne
nc_2459,Wayne
nc_2460,Wayne
nc_2463,Wayne
nc_2464,Wayne
nc_2465,Wayne
nc_2467,Wayne
nc_2469,Wayne
nc_2470,Wayne
nc_2471,Wayne
nc_2474,Wayne
nc_2477,Wayne
nc_2478,Wayne
nc_2480,Wayne
nc_2481,Wayne
nc_2482,Wayne
nc_2485,Wayne
nc_2487,Wilkes
nc_2489,Wilkes
nc_2490,Wilkes
nc_2494,Wilkes
nc_2495,Wilkes
nc_2496,Wilkes
nc_2497,Wilkes
nc_2498,Wilkes
nc_2499,Wilkes
nc_2500,Wilkes
nc_2501,Wilkes
nc_2502,Wilkes
nc_2503,Wilkes
nc_2504,Wilkes
nc_2505,Wilson
nc_2507,Wilson
nc_2509,Wilson
nc_2512,Wilson
nc_2515,Wilson
nc_2516,Wilson
nc_2517,Wilson
nc_2520,Wilson
nc_2521,Wilson
nc_2522,Wilson
nc_2523,Wilson
nc_2524,Wilson
nc_2525,Wilson
nc_2526,Wilson
nc_2527,Wilson
nc_2528,Wilson
nc_2529,Wilson
nc_2530,Wilson
nc_2532,Yadkin
nc_2533,Yadkin
nc_2534,Yadkin
nc_2536,Yadkin
nc_2537,Yadkin
nc_2538,Yadkin
nc_2540,Yadkin
nc_2542,Yadkin
nc_2545,Yancey
nc_2546,Yancey
nc_2550,Yancey
nc_2551,Yancey
